x1,x2,coord1,coord2,y
-1.1769432525170036,-0.521329091578499,-1.6641005886756874,-1.6641005886756874,-0.5796818443394232
-0.6895267638046442,0.14559789633870723,-1.6641005886756874,-1.52542553961938,0.9510285266230261
0.7824198994817939,-1.002373198544241,-1.6641005886756874,-1.386750490563073,3.7013496863557833
0.7899475664522453,-1.3474049757821678,-1.6641005886756874,-1.2480754415067656,2.845058977283679
-0.33206462717534335,-0.7687665680250239,-1.6641005886756874,-1.1094003924504583,0.6204597155372589
0.6612918635375111,-0.2381026360815386,-1.6641005886756874,-0.9707253433941511,2.8533997948347394
-0.3274690508871392,0.5319831506366519,-1.6641005886756874,-0.8320502943378437,4.826649698095494
-0.9574357226495676,-0.86496665170907,-1.6641005886756874,-0.6933752452815365,-1.4499314906296095
0.9191145711653061,0.5210005982935231,-1.6641005886756874,-0.5547001962252291,2.991382998435526
-0.2043062867265153,-0.5776244380698311,-1.6641005886756874,-0.41602514716892186,-0.11673791633977171
1.0266544090076337,0.9741253006327284,-1.6641005886756874,-0.2773500981126146,5.135099196636651
-1.2881529413460613,1.3536986329456724,-1.6641005886756874,-0.1386750490563073,0.94315497930953
0.9263764334292262,-0.05526660714875531,-1.6641005886756874,0.0,4.58249629586542
0.08130229055641314,1.363438847838903,-1.6641005886756874,0.1386750490563073,6.26326457838592
-1.0484548688211408,-1.070756792615454,-1.6641005886756874,0.2773500981126146,-1.8858518243628035
-0.9278961139018261,0.006891963338008011,-1.6641005886756874,0.41602514716892186,2.6770458187886934
-0.7864207366467197,1.0083681357153629,-1.6641005886756874,0.5547001962252291,2.2286052905648006
0.5014982672884507,-1.3528296265216966,-1.6641005886756874,0.6933752452815365,2.1769304273783856
-0.9074550630594537,0.9695600848056474,-1.6641005886756874,0.8320502943378437,1.3423150561839496
0.37402018370977763,1.0442922706674413,-1.6641005886756874,0.9707253433941511,6.277653162929738
-0.09173245002810648,1.0586232952479584,-1.6641005886756874,1.1094003924504583,1.764810075078672
1.3348765158526765,0.06991072430085055,-1.6641005886756874,1.2480754415067656,5.704416386955782
0.15183862421436145,0.22298182480253836,-1.6641005886756874,1.386750490563073,0.4565257796156623
0.006543189796661242,-0.11650096976329283,-1.6641005886756874,1.52542553961938,4.545633208525927
0.9294476742660391,-1.2040841291262137,-1.6641005886756874,1.6641005886756874,4.112570382185339
-0.744892900335018,-1.014764988147449,-1.52542553961938,-1.6641005886756874,3.0244343871661705
0.05331568374613305,0.8578677478812398,-1.52542553961938,-1.52542553961938,3.797458164348089
1.4197775107236446,-1.3342070437184637,-1.52542553961938,-1.386750490563073,2.2240030026507602
0.1835558632604508,-0.9064994318390048,-1.52542553961938,-1.2480754415067656,3.0415199896299066
1.2227472936364543,-1.336341781704108,-1.52542553961938,-1.1094003924504583,0.2968905621409399
0.858099177761376,1.2043389162405531,-1.52542553961938,-0.9707253433941511,5.65433433338174
-0.7824718273608838,-0.1544156575809006,-1.52542553961938,-0.8320502943378437,2.0089052763191515
-0.8305769191847281,0.9728264303814238,-1.52542553961938,-0.6933752452815365,4.3101477333859535
0.12110601952371347,-0.03406051309661429,-1.52542553961938,-0.5547001962252291,3.525956431452878
1.0030380107852053,0.955889069713411,-1.52542553961938,-0.41602514716892186,6.752088025487767
0.40488364573227154,-1.1763692902279044,-1.52542553961938,-0.2773500981126146,1.4736726716741442
1.2280807260604143,1.2518328234203961,-1.52542553961938,-0.1386750490563073,7.243845604340357
-1.1132937964663945,-0.47354772321463456,-1.52542553961938,0.0,-1.2322221390041024
-0.3310007382704634,1.3284931011577314,-1.52542553961938,0.1386750490563073,4.374095798882951
-0.7879384198945063,0.45257037143697576,-1.52542553961938,0.2773500981126146,1.7583813952789424
1.401966669220457,-0.15706199042464464,-1.52542553961938,0.41602514716892186,6.180285505583995
-0.8659765508769,0.5123852491514365,-1.52542553961938,0.5547001962252291,-1.1615565318947696
-0.08706003161564024,0.5262788141060555,-1.52542553961938,0.6933752452815365,4.0465493999206155
-0.8635393750585222,0.6969376075180866,-1.52542553961938,0.8320502943378437,1.3597684233399518
-0.07689292800141079,-0.2966031040319861,-1.52542553961938,0.9707253433941511,3.7555161414158147
1.0151968593566485,1.1836154403718324,-1.52542553961938,1.1094003924504583,5.778285953321288
0.7597217993862788,-0.3744306213840791,-1.52542553961938,1.2480754415067656,3.183164739455826
-0.27268752280971986,0.035878001706575846,-1.52542553961938,1.386750490563073,0.722481911270819
0.7887194782585949,-0.6983917047282389,-1.52542553961938,1.52542553961938,4.568801073436001
-1.022881186601556,0.46065108826547085,-1.52542553961938,1.6641005886756874,-1.2738092009211357
0.15837734800039316,-0.3953569435714406,-1.386750490563073,-1.6641005886756874,2.805568277868473
-1.28657424144653,0.07580682120951288,-1.386750490563073,-1.52542553961938,0.5295741807920017
-0.517919585662201,-0.1659018654859834,-1.386750490563073,-1.386750490563073,0.5988877621172171
-0.7848665606249215,1.2650762512622626,-1.386750490563073,-1.2480754415067656,3.3046433185085053
1.435247554572776,-0.31523470248450414,-1.386750490563073,-1.1094003924504583,1.9309154201215981
-1.419540330024798,-0.3640255947186115,-1.386750490563073,-0.9707253433941511,-0.8444779829167192
0.4462803582839805,1.2988844214310822,-1.386750490563073,-0.8320502943378437,7.66879994935327
0.41445203229420935,-0.14950584563145375,-1.386750490563073,-0.6933752452815365,3.2214532184651037
-0.7045854675030435,-0.6441292010184843,-1.386750490563073,-0.5547001962252291,-0.623690961726979
-0.14790711082416852,-0.5719516556422612,-1.386750490563073,-0.41602514716892186,-0.30654420344758315
-0.0970010990179413,-0.25825082003776756,-1.386750490563073,-0.2773500981126146,-0.43149564000484775
0.2771122259945873,0.24702942489934765,-1.386750490563073,-0.1386750490563073,6.985255202372026
-0.01632479856446034,-0.853585422205165,-1.386750490563073,0.0,3.1577372422521606
-0.7125651946881065,0.787900569453654,-1.386750490563073,0.1386750490563073,4.779986515003894
0.172810110141008,-1.4885783476710515,-1.386750490563073,0.2773500981126146,0.5089009370800088
1.1940003704218718,-0.39673614015268743,-1.386750490563073,0.41602514716892186,5.280143513836683
-1.217424041246586,1.2155387764500207,-1.386750490563073,0.5547001962252291,1.9339052347497745
-1.1060395691953477,1.1313814378413007,-1.386750490563073,0.6933752452815365,3.5006885619568777
0.3021801134355986,-1.2888655636734092,-1.386750490563073,0.8320502943378437,1.8459025795192958
-0.011980365799022286,1.3498136912799965,-1.386750490563073,0.9707253433941511,6.287255954949211
1.1877452746511534,-0.045599953402100546,-1.386750490563073,1.1094003924504583,6.897057887097062
-1.1418668365833007,-0.21172241528334812,-1.386750490563073,1.2480754415067656,0.9540337032313513
1.0140553942293487,-0.49816678435737205,-1.386750490563073,1.386750490563073,4.75484693418348
-0.5283804048092025,1.1389628637500753,-1.386750490563073,1.52542553961938,5.237010649586254
-0.11394642090706975,-1.2364734612253585,-1.386750490563073,1.6641005886756874,-0.318131852384095
-1.4228640613339454,0.3916855169714277,-1.2480754415067656,-1.6641005886756874,2.3924367971167677
-1.1392952249322332,0.1840933362197481,-1.2480754415067656,-1.52542553961938,3.252341259185511
-0.6213482462656491,0.7460670422096052,-1.2480754415067656,-1.386750490563073,2.7963322963960087
-0.871212539704966,-0.14333728251552702,-1.2480754415067656,-1.2480754415067656,1.2781550706579865
0.9805447575602271,-0.38827868569165336,-1.2480754415067656,-1.1094003924504583,3.022860983176275
-1.4881203857519574,0.9198609933277639,-1.2480754415067656,-0.9707253433941511,3.8107547416978536
0.7570931803902647,-0.7936265487576725,-1.2480754415067656,-0.8320502943378437,2.7160729172115055
-0.6413370484285147,0.42494578460247956,-1.2480754415067656,-0.6933752452815365,2.3812131167797586
1.4792563229510165,0.39189095862229006,-1.2480754415067656,-0.5547001962252291,6.3255832352996535
0.3852220598149283,-0.11901062634504944,-1.2480754415067656,-0.41602514716892186,1.627978146059738
0.7361915560086398,-0.6138999999671952,-1.2480754415067656,-0.2773500981126146,1.196284238363002
0.12916279398426234,0.6910561519349594,-1.2480754415067656,-0.1386750490563073,3.7343711914160678
1.0900463708644357,0.01235214951353969,-1.2480754415067656,0.0,6.792022351228333
0.23905523206578705,-0.7552400537220711,-1.2480754415067656,0.1386750490563073,1.5952909535777808
-1.2895909271857269,-1.133697258136155,-1.2480754415067656,0.2773500981126146,-4.683927232478525
1.027812862544784,-0.5128953625451483,-1.2480754415067656,0.41602514716892186,0.8453002072629814
1.249363206770667,-1.2863627139301959,-1.2480754415067656,0.5547001962252291,3.6712854118461866
-0.9608475941336796,-0.7480449427733894,-1.2480754415067656,0.6933752452815365,-1.2113865101745835
0.5244770957938161,-1.2308180769321124,-1.2480754415067656,0.8320502943378437,1.6567480755570358
-0.21279544555980534,-1.0790412042437254,-1.2480754415067656,0.9707253433941511,1.079621331416439
1.1102231325626533,1.48100724545895,-1.2480754415067656,1.1094003924504583,6.323295484837322
-0.4980698993983834,1.4281206911571482,-1.2480754415067656,1.2480754415067656,3.962048675798657
0.2764194287654653,-1.1881158065079065,-1.2480754415067656,1.386750490563073,0.6953518084478052
-0.29487048075404365,1.119061315578028,-1.2480754415067656,1.52542553961938,4.738961501048936
-1.0175275274417435,-0.12385125344757686,-1.2480754415067656,1.6641005886756874,1.3474263872821544
0.19789510131314225,-0.37749112399093443,-1.1094003924504583,-1.6641005886756874,4.243467360679715
-0.271639939817919,-0.3421123444909866,-1.1094003924504583,-1.52542553961938,1.8586415794753246
-0.4668195140239506,-0.9888047450817795,-1.1094003924504583,-1.386750490563073,-0.8367208140494151
-0.7750286840769403,-0.42026440986488267,-1.1094003924504583,-1.2480754415067656,1.9758723216402463
-0.5216275064642255,-0.012182029428116081,-1.1094003924504583,-1.1094003924504583,2.4615458269465007
0.37215908828546596,-1.2239420004358634,-1.1094003924504583,-0.9707253433941511,0.7404880801686735
0.26447307480599935,1.0522178709451797,-1.1094003924504583,-0.8320502943378437,5.367552713546373
0.5847192947499371,1.4145972321600677,-1.1094003924504583,-0.6933752452815365,7.81086553019795
-1.4385732324300573,0.16509047100687257,-1.1094003924504583,-0.5547001962252291,1.429526376820356
0.6620426541801732,0.18866833644070002,-1.1094003924504583,-0.41602514716892186,2.9556376877068273
-1.2827976012694091,-0.30987514453322906,-1.1094003924504583,-0.2773500981126146,0.09248202566850061
-0.5197687054700949,-0.8996287746352634,-1.1094003924504583,-0.1386750490563073,-2.247338580409327
0.035753181179486226,-1.1959561425443925,-1.1094003924504583,0.0,-1.1265481661646346
1.4712105134360987,1.0278283421000545,-1.1094003924504583,0.1386750490563073,10.122492864995605
-1.2341995692584358,0.7344520557619658,-1.1094003924504583,0.2773500981126146,2.8852048251415066
1.3386080210759408,1.4323712946963196,-1.1094003924504583,0.41602514716892186,12.700343509388743
0.6006873494611722,1.0293612677273898,-1.1094003924504583,0.5547001962252291,7.931204260824638
1.4408698287865205,-1.4932518016693481,-1.1094003924504583,0.6933752452815365,1.1476350630430403
-0.44570033781705787,-0.4376349202014267,-1.1094003924504583,0.8320502943378437,0.35376848758497875
1.001151949369703,0.33602940954960325,-1.1094003924504583,0.9707253433941511,6.051250405983575
-1.2212812426899062,1.2752135978223835,-1.1094003924504583,1.1094003924504583,-0.47966348036994333
-1.1642824736088133,-0.9516330991992042,-1.1094003924504583,1.2480754415067656,-0.9998767858045872
0.7521703903181889,-0.7444886192907803,-1.1094003924504583,1.386750490563073,4.165810599911938
0.6034971994651679,0.28082466742522794,-1.1094003924504583,1.52542553961938,4.691548848352609
-0.7556696597973088,-0.7522230851992253,-1.1094003924504583,1.6641005886756874,-0.9758561528144736
0.4901075732122453,-0.9076104340806808,-0.9707253433941511,-1.6641005886756874,3.4825882797305785
-0.17991667006423562,-0.21334190128053532,-0.9707253433941511,-1.52542553961938,2.9591964053832474
1.2184750126938333,-0.9765795940023161,-0.9707253433941511,-1.386750490563073,2.9692091182985965
0.34114889313399055,-0.8782205700546195,-0.9707253433941511,-1.2480754415067656,4.171008798907745
0.5006057786354963,-1.2033138955110652,-0.9707253433941511,-1.1094003924504583,0.03394384944136308
-0.6380396845301477,-0.4590954450587117,-0.9707253433941511,-0.9707253433941511,-0.25712965296579415
-0.11908744358738277,0.7232574228801276,-0.9707253433941511,-0.8320502943378437,6.238280646007773
-0.5818334594837948,1.147146261288051,-0.9707253433941511,-0.6933752452815365,7.611731316971037
1.3740303308738602,1.2136270449718838,-0.9707253433941511,-0.5547001962252291,11.794937406932357
-0.6408697552153233,-0.9134271141748413,-0.9707253433941511,-0.41602514716892186,-1.2777647772009648
-0.07037167192933858,-1.36452156224329,-0.9707253433941511,-0.2773500981126146,-1.6506604962235771
-1.3595477320445002,0.46991979943183493,-0.9707253433941511,-0.1386750490563073,1.555597909843996
1.4357113003299564,1.1451006658165293,-0.9707253433941511,0.0,9.551519537374606
1.2864167823513695,-1.1202074283077152,-0.9707253433941511,0.1386750490563073,2.777674794219707
-0.4823828628731257,1.4112224153606023,-0.9707253433941511,0.2773500981126146,4.579634480645075
-0.39275297717176594,-0.40669983922220965,-0.9707253433941511,0.41602514716892186,1.942782679204898
-1.0776910182540913,-1.2267112523390358,-0.9707253433941511,0.5547001962252291,-4.365719532481622
-1.1282234998638883,-0.7396857491741254,-0.9707253433941511,0.6933752452815365,-1.2266088411401768
-0.46515211880391316,1.2785967153073599,-0.9707253433941511,0.8320502943378437,5.581015100681147
-0.5810210806291106,-1.15580056379524,-0.9707253433941511,0.9707253433941511,-4.654483822554663
1.4359292580366363,-0.4522076561551187,-0.9707253433941511,1.1094003924504583,6.816153101008309
-0.2099937409429673,-0.6623027151601394,-0.9707253433941511,1.2480754415067656,-0.2010323411707884
1.4150351897587745,0.6765836803482754,-0.9707253433941511,1.386750490563073,8.52268077707805
-0.8618427754233015,0.3348893980458447,-0.9707253433941511,1.52542553961938,-0.08027036656496944
-0.9410575661253179,0.016278631686258205,-0.9707253433941511,1.6641005886756874,-1.572482898365037
0.998563217041196,-1.4338723026274085,-0.8320502943378437,-1.6641005886756874,3.475933435674593
1.287548952609888,0.7130845678679876,-0.8320502943378437,-1.52542553961938,3.592610422041324
0.025615262193462662,0.09346329884418436,-0.8320502943378437,-1.386750490563073,3.227835088854647
1.462704863254626,-1.477033239508175,-0.8320502943378437,-1.2480754415067656,0.24823692321957624
-1.3760039479938722,-1.3287465754092853,-0.8320502943378437,-1.1094003924504583,-2.536572209744181
-0.4676785417873217,0.2400170392434613,-0.8320502943378437,-0.9707253433941511,2.3843799256978677
-0.5595566082024939,-1.2535173956016743,-0.8320502943378437,-0.8320502943378437,-0.782211814782475
-0.786837235617408,-1.1084035806806032,-0.8320502943378437,-0.6933752452815365,-1.1500942923096518
0.5076271293455372,0.058743897835757286,-0.8320502943378437,-0.5547001962252291,4.275219043486564
-1.4844096793545836,-0.42974822277571834,-0.8320502943378437,-0.41602514716892186,-1.470919418510861
0.6199627290372876,-0.4464241010143344,-0.8320502943378437,-0.2773500981126146,0.9746232989937775
0.16594597085272622,0.18890143791603897,-0.8320502943378437,-0.1386750490563073,2.8356578579996974
1.280036167350893,-0.3287450530020948,-0.8320502943378437,0.0,6.21437366883142
-0.06608198820207445,0.2365405508259122,-0.8320502943378437,0.1386750490563073,4.914204087013884
0.10776663377252649,-1.0538824076601343,-0.8320502943378437,0.2773500981126146,-1.9172033320880664
1.0688589748042845,1.239453547729802,-0.8320502943378437,0.41602514716892186,11.080906983791902
-0.9570986581843413,1.3669827800484184,-0.8320502943378437,0.5547001962252291,5.128057824027048
0.6125518609325402,0.3644980285815287,-0.8320502943378437,0.6933752452815365,6.495725265789054
0.37252166792063557,0.7490074273365073,-0.8320502943378437,0.8320502943378437,4.263071748065872
0.2610133610941099,0.2918436257209973,-0.8320502943378437,0.9707253433941511,4.319832951338186
-0.49511208421451713,-0.030970288962510306,-0.8320502943378437,1.1094003924504583,2.426424798869606
-1.320056939724735,0.8690576310948455,-0.8320502943378437,1.2480754415067656,1.600978502426217
1.3333885041400166,1.1599281038165064,-0.8320502943378437,1.386750490563073,10.745103723392424
-0.3088114102252604,-0.8240790331072219,-0.8320502943378437,1.52542553961938,1.495687644841135
0.35339351648751993,0.35890845131421667,-0.8320502943378437,1.6641005886756874,5.802150065604518
-0.49177008822918755,-0.30253170157303044,-0.6933752452815365,-1.6641005886756874,0.8371459743856311
-0.5597153730013532,-0.24696333332978337,-0.6933752452815365,-1.52542553961938,1.503372257295055
-1.2846356698321508,-0.10765635992158584,-0.6933752452815365,-1.386750490563073,-1.4403293733805966
1.0315057986281202,-1.3973194511581535,-0.6933752452815365,-1.2480754415067656,0.822190717930608
1.2815884270800937,-1.3466635133818454,-0.6933752452815365,-1.1094003924504583,2.1025554985129946
-1.2075684635257238,0.5336797421297921,-0.6933752452815365,-0.9707253433941511,2.8515280059087154
-0.9278634247126736,1.4188271826098457,-0.6933752452815365,-0.8320502943378437,5.738283568066777
-0.2082876213590561,0.6734400857730454,-0.6933752452815365,-0.6933752452815365,4.36576784789419
-0.9211920334282695,-0.05954491245013127,-0.6933752452815365,-0.5547001962252291,2.543609721614458
-0.2845263875620154,-0.9906863607436541,-0.6933752452815365,-0.41602514716892186,-3.5186254751209187
-0.49656172173498714,1.3075967654937175,-0.6933752452815365,-0.2773500981126146,9.597902228146847
-0.7061826180475431,0.3519633833732234,-0.6933752452815365,-0.1386750490563073,2.442019597773942
1.161243898316744,0.5418372645237373,-0.6933752452815365,0.0,8.490574165459973
-0.4494347775188916,-1.2181944532319688,-0.6933752452815365,0.1386750490563073,-2.452783868218943
-1.136537799901714,0.4109996646256313,-0.6933752452815365,0.2773500981126146,0.37213870533496873
-1.3768519380288513,-0.14663366030167846,-0.6933752452815365,0.41602514716892186,-3.0975304993714943
1.01960626830869,-0.775437033516497,-0.6933752452815365,0.5547001962252291,2.459814920490881
-1.17228480192259,0.6069236034971257,-0.6933752452815365,0.6933752452815365,2.4932125432835743
0.7348445263202703,-0.3049972005556614,-0.6933752452815365,0.8320502943378437,4.692666557604694
-0.0372365070417755,1.0193179035131892,-0.6933752452815365,0.9707253433941511,4.192483047068231
-0.8802172026957589,-0.25010799341092005,-0.6933752452815365,1.1094003924504583,-0.748940972003782
0.38936776411117835,0.17576671516359887,-0.6933752452815365,1.2480754415067656,4.5719823844146985
1.4493358973169643,-0.08032796036640999,-0.6933752452815365,1.386750490563073,5.837716768561862
0.9927297644993729,0.15230960907840174,-0.6933752452815365,1.52542553961938,4.4145534518347676
0.4742705487302694,-1.0068664824881242,-0.6933752452815365,1.6641005886756874,4.464371391046729
-0.5164640883157511,0.7534076125481022,-0.5547001962252291,-1.6641005886756874,1.5646677123294723
0.7170126922185309,-1.4036092477257127,-0.5547001962252291,-1.52542553961938,1.0856357598188353
-1.4845040628965993,0.801003126833371,-0.5547001962252291,-1.386750490563073,0.8021070394539644
-0.24271494831023288,-0.7063584870969297,-0.5547001962252291,-1.2480754415067656,1.8879083448596623
1.061177090890172,-0.048732863785325264,-0.5547001962252291,-1.1094003924504583,3.4456748677085445
-1.4924188983467666,-0.9885767024812568,-0.5547001962252291,-0.9707253433941511,-4.852590512775164
-1.3240040936996418,-0.5117952212219437,-0.5547001962252291,-0.8320502943378437,-3.5857524307017696
0.19040544908691714,0.8527134166164592,-0.5547001962252291,-0.6933752452815365,5.612096412659516
0.9800458835515746,0.9349827938842328,-0.5547001962252291,-0.5547001962252291,11.61521181048317
-0.7103548888840077,0.12942686742246767,-0.5547001962252291,-0.41602514716892186,3.3952956761119912
0.14957100210607788,-0.17277029005215638,-0.5547001962252291,-0.2773500981126146,1.6432407784754552
-0.1528805884885185,-0.8366786268860921,-0.5547001962252291,-0.1386750490563073,-0.3621948040560249
1.332790297537306,0.5009659047393313,-0.5547001962252291,0.0,9.20212146319118
-0.5029053458850589,0.06465163244780214,-0.5547001962252291,0.1386750490563073,1.5835418288816188
0.9764018742529776,1.2272117352071379,-0.5547001962252291,0.2773500981126146,10.585325158181872
-0.9897595507496001,-1.0510382100733193,-0.5547001962252291,0.41602514716892186,-4.216875953795138
0.2180833791358041,0.672521851898698,-0.5547001962252291,0.5547001962252291,5.651580772850334
0.3326149833421117,-0.5628352179348021,-0.5547001962252291,0.6933752452815365,1.0285209769207686
1.2193658985875535,-1.1073144954461895,-0.5547001962252291,0.8320502943378437,3.5338036536775617
1.257065545492738,-1.0342780439575616,-0.5547001962252291,0.9707253433941511,3.612000761095215
0.8394258384224624,0.5453398743021385,-0.5547001962252291,1.1094003924504583,7.552333443098038
0.2744048165838262,-0.06724670230244056,-0.5547001962252291,1.2480754415067656,4.0998919664047575
-0.7529465307097832,1.431567634985837,-0.5547001962252291,1.386750490563073,3.282184925713882
-1.448712432877627,1.0308963512222347,-0.5547001962252291,1.52542553961938,0.7944829760469965
-0.1974667552588809,0.8420032811838838,-0.5547001962252291,1.6641005886756874,1.0888516684800509
-1.407938920887203,0.06384441288175657,-0.41602514716892186,-1.6641005886756874,-0.48336200988107114
-0.917989655522833,-0.24602851719658592,-0.41602514716892186,-1.52542553961938,1.294541613019992
-1.0784023623809273,0.8885258737300377,-0.41602514716892186,-1.386750490563073,3.9724054993572344
-0.6597979801558677,0.2264202460415663,-0.41602514716892186,-1.2480754415067656,1.3983703748421146
-0.5558682730105897,-0.8470451118910877,-0.41602514716892186,-1.1094003924504583,-0.8071864402519233
-1.2827311070108618,0.465143005126452,-0.41602514716892186,-0.9707253433941511,0.9535665959096866
-0.8844835806143461,0.20148964988176088,-0.41602514716892186,-0.8320502943378437,0.24184707047525977
0.00662235367720676,0.5624043831083148,-0.41602514716892186,-0.6933752452815365,5.283093238217422
0.9897228129041444,1.0786005047645721,-0.41602514716892186,-0.5547001962252291,7.17980288321763
-0.21165504446292127,0.2965301653523418,-0.41602514716892186,-0.41602514716892186,3.5960785055991393
-0.40060903385318736,0.1747125986482947,-0.41602514716892186,-0.2773500981126146,3.3155661197054114
0.860266407349215,0.8468317945811261,-0.41602514716892186,-0.1386750490563073,10.222352301817496
-1.056637999523098,0.35451084991612913,-0.41602514716892186,0.0,2.183869087412562
1.226668897118076,1.287613901973189,-0.41602514716892186,0.1386750490563073,12.881210346388322
-0.03938558390974656,0.3203376679495342,-0.41602514716892186,0.2773500981126146,5.1778035189734934
1.2327813293320076,-0.7655724640397973,-0.41602514716892186,0.41602514716892186,5.073091149616797
1.3156553820752301,-0.2884529968949814,-0.41602514716892186,0.5547001962252291,7.103083915639894
1.0601608682177126,-0.5463983385197061,-0.41602514716892186,0.6933752452815365,3.8630902014301443
0.981133552441003,0.8300779741004041,-0.41602514716892186,0.8320502943378437,8.941990584213421
-1.3356504218554952,-0.1695964999503481,-0.41602514716892186,0.9707253433941511,-1.7366913741695558
0.5467003242378299,0.7083148754592798,-0.41602514716892186,1.1094003924504583,8.528487056064105
0.7231597442594029,1.0769600650631435,-0.41602514716892186,1.2480754415067656,8.57987907030325
1.3008826171962204,0.31315794174746303,-0.41602514716892186,1.386750490563073,7.704951875349911
1.4726608971841655,-0.20005692804173014,-0.41602514716892186,1.52542553961938,8.395162991821417
-0.4603744479175602,-1.0650691967796813,-0.41602514716892186,1.6641005886756874,1.4174187059799848
0.9365377437844318,0.26124462540776117,-0.2773500981126146,-1.6641005886756874,4.30542105749679
-0.8155925991329336,-0.570601446771931,-0.2773500981126146,-1.52542553961938,-0.5660702097983339
0.16616306329712938,1.4709135361486543,-0.2773500981126146,-1.386750490563073,6.78892355364924
-0.4714710262776274,-0.6740457559703293,-0.2773500981126146,-1.2480754415067656,1.5940649364791593
1.0974771085807902,0.6780373824919916,-0.2773500981126146,-1.1094003924504583,10.194395872379104
-0.8149164965406427,-0.007256620125194235,-0.2773500981126146,-0.9707253433941511,0.9817853926084649
0.6648718743115998,0.7757631135666769,-0.2773500981126146,-0.8320502943378437,6.0134786179183894
-0.21166928433947962,-0.3160384976915971,-0.2773500981126146,-0.6933752452815365,0.0856790501136091
-0.18950864431279535,-0.21021707295443726,-0.2773500981126146,-0.5547001962252291,1.2034766806243313
-1.1491941188711956,1.4180542547239554,-0.2773500981126146,-0.41602514716892186,7.8369308016498875
0.8053649649754147,1.1696078160840448,-0.2773500981126146,-0.2773500981126146,10.57104227657002
-1.091606100764149,-1.1324448149347937,-0.2773500981126146,-0.1386750490563073,-4.977402813686497
-0.7196126296014577,-0.5584148566363316,-0.2773500981126146,0.0,-2.9192588180684913
-0.01885621492899281,0.32558830875529776,-0.2773500981126146,0.1386750490563073,2.6632368910403335
0.46878242542189685,0.32308146260366644,-0.2773500981126146,0.2773500981126146,6.030740899525382
-0.14242360143682298,0.3832839963639798,-0.2773500981126146,0.41602514716892186,4.217967809343848
0.4317257525019711,-1.153453908221495,-0.2773500981126146,0.5547001962252291,0.7407055184384859
-0.5192482765194472,0.4754074256106482,-0.2773500981126146,0.6933752452815365,5.0580732560918555
-0.31529735031860495,1.3671816074558274,-0.2773500981126146,0.8320502943378437,7.138553635621458
0.4533124685578376,-0.5013235911247071,-0.2773500981126146,0.9707253433941511,1.4010460948672165
0.01290301133112437,-0.2991623672341812,-0.2773500981126146,1.1094003924504583,2.8102324734938398
0.2269018859898062,0.010169718395501626,-0.2773500981126146,1.2480754415067656,4.578061064346775
-0.7942127810259231,-0.7038131803567185,-0.2773500981126146,1.386750490563073,-2.2306802423052545
0.16621433345922587,-0.8669227148069831,-0.2773500981126146,1.52542553961938,0.2532189102910263
0.43526692018422164,-1.1145653345993143,-0.2773500981126146,1.6641005886756874,4.04402923803601
-1.1838728823057527,-0.15224032158645118,-0.1386750490563073,-1.6641005886756874,1.7959128437140408
0.7701019827209619,-0.2395289390291997,-0.1386750490563073,-1.52542553961938,3.6639123608694315
-1.220912508414954,-0.6879405607996705,-0.1386750490563073,-1.386750490563073,-1.2711781766067964
-0.0886670007812953,-1.4090087585215563,-0.1386750490563073,-1.2480754415067656,0.2403140960286818
-0.9569616532307316,1.1747045397897784,-0.1386750490563073,-1.1094003924504583,4.741373038575855
-0.8519844357767555,-1.1300374189965625,-0.1386750490563073,-0.9707253433941511,-4.625222895310237
-0.6313132706143525,-0.6072461478553608,-0.1386750490563073,-0.8320502943378437,-1.9543149517269596
-0.635327679359615,0.31965364092147963,-0.1386750490563073,-0.6933752452815365,2.5130211253748773
-1.314965245288556,0.9023648981642052,-0.1386750490563073,-0.5547001962252291,1.212583670790774
1.2924299661764422,0.05760198772512748,-0.1386750490563073,-0.41602514716892186,8.305489111871768
0.6816549913573104,-1.0667204002922313,-0.1386750490563073,-0.2773500981126146,-0.05060154816647605
1.3460282713748457,0.05198785751780588,-0.1386750490563073,-0.1386750490563073,5.873938507214759
0.8296778525803594,-0.021826879305608893,-0.1386750490563073,0.0,5.150305402106871
0.8618904780350749,-1.4947758462526943,-0.1386750490563073,0.1386750490563073,-2.1402532673687604
0.5170167545251094,-0.8336004630831833,-0.1386750490563073,0.2773500981126146,1.6881636820799528
-1.247438343299299,-1.0496482412057655,-0.1386750490563073,0.41602514716892186,-5.2006085957092125
0.3359693805193613,-0.2662624103904716,-0.1386750490563073,0.5547001962252291,3.233974048775971
-0.8578003527090314,-1.1425428705293013,-0.1386750490563073,0.6933752452815365,-4.924820200671157
-1.2229779917499148,-0.8037434372230216,-0.1386750490563073,0.8320502943378437,-6.367642190704848
-1.3935414806316277,-1.4851640815434188,-0.1386750490563073,0.9707253433941511,-7.57070639690478
0.29861268997397805,1.277447051843963,-0.1386750490563073,1.1094003924504583,7.1596005501722
-1.2559129972050538,-0.3293126770008863,-0.1386750490563073,1.2480754415067656,-4.230355629819135
0.5405681122786938,0.31544276125672965,-0.1386750490563073,1.386750490563073,4.652258350631876
0.9079953067472775,-1.0022436003756123,-0.1386750490563073,1.52542553961938,3.8585039473173897
1.1798515553882756,-1.1477290681833434,-0.1386750490563073,1.6641005886756874,6.492106801080863
-0.0033599306398677253,-0.9080175217427326,0.0,-1.6641005886756874,4.559263080406652
0.07229139895612802,-0.14076919958896217,0.0,-1.52542553961938,0.35394808242438236
-0.967447236559824,-0.16734697059493042,0.0,-1.386750490563073,0.22167328149035603
0.03782578379039925,-0.047644421938010106,0.0,-1.2480754415067656,2.7896158899822647
-0.21316159664442313,1.4095836725846036,0.0,-1.1094003924504583,6.47229020909891
-0.0619298184447985,0.300265886572312,0.0,-0.9707253433941511,2.4304617693808352
-0.6585791235447496,1.324460607351718,0.0,-0.8320502943378437,6.86959188973142
-0.730317892496823,0.48807474878191237,0.0,-0.6933752452815365,2.8578905908655257
-1.1889862280116346,1.146791755346098,0.0,-0.5547001962252291,3.2094267009241184
-0.006431715866333398,1.162277228177809,0.0,-0.41602514716892186,9.385659912896156
0.959903443695969,-0.5500593319557678,0.0,-0.2773500981126146,2.002624097879231
-0.5915985401966859,0.33440849554885066,0.0,-0.1386750490563073,0.9790964299598113
-0.8759729142240064,-0.8351436476368888,0.0,0.0,-4.209316214528368
0.9537697899689812,-0.9070213074945378,0.0,0.1386750490563073,-1.359080462635354
-1.2752045945203578,1.2249911401727296,0.0,0.2773500981126146,5.433928624211112
-0.10258980025000608,-0.6338028880691027,0.0,0.41602514716892186,0.9884989625692369
-0.8047291361196263,-0.6253954015718178,0.0,0.5547001962252291,-0.6103853143546785
-0.7381725572325025,1.1609302040029905,0.0,0.6933752452815365,5.4701904552200045
-1.190777304051582,0.0144729428899113,0.0,0.8320502943378437,-1.4475998669969896
-0.41104790083346066,-1.4072157285896072,0.0,0.9707253433941511,-2.4158990687041584
0.20494023061441258,-1.3824248062858304,0.0,1.1094003924504583,1.487502144151307
0.3443891728907529,0.16903253244877559,0.0,1.2480754415067656,5.016810489602217
-0.41598556461322866,-0.6930389367911646,0.0,1.386750490563073,0.5384215418526876
1.1672267999679784,1.3080104319659354,0.0,1.52542553961938,10.703708249448558
-1.362592120773554,-0.7222526757277631,0.0,1.6641005886756874,-2.941705088872079
-1.2329443348384674,-0.24585772186919197,0.1386750490563073,-1.6641005886756874,-1.8520832990418015
-0.15553949995494576,-0.4534507889129573,0.1386750490563073,-1.52542553961938,0.45141391170649636
-0.8818619734178547,-1.4767239550268854,0.1386750490563073,-1.386750490563073,-1.908783439355432
1.2780371199310814,0.42556122846601596,0.1386750490563073,-1.2480754415067656,5.304069285976812
0.352687343259495,0.11973972775940389,0.1386750490563073,-1.1094003924504583,5.018558660287085
0.4798920138209053,-0.8958485580534294,0.1386750490563073,-0.9707253433941511,1.2219220580662105
0.8889348849326066,0.7327674765897925,0.1386750490563073,-0.8320502943378437,7.437709869042676
0.4821217397883766,-0.24972674653235338,0.1386750490563073,-0.6933752452815365,2.929760803439329
1.1680430175620002,0.7254218091859292,0.1386750490563073,-0.5547001962252291,8.68379429204297
0.07978331798440985,1.4846437896701605,0.1386750490563073,-0.41602514716892186,9.05153001724648
-0.48854929520466706,-0.6524305372835426,0.1386750490563073,-0.2773500981126146,-0.8751359355324597
0.025101082737767344,0.9622651486496099,0.1386750490563073,-0.1386750490563073,8.702256538483173
-0.6535989193311013,0.8829202263011906,0.1386750490563073,0.0,5.311628298247648
-1.2969723810551506,0.8102676060564056,0.1386750490563073,0.1386750490563073,3.4243385732460885
0.9167487478307539,-1.0005118878101245,0.1386750490563073,0.2773500981126146,2.1447357615972935
-0.821753157396877,0.5393634972988814,0.1386750490563073,0.41602514716892186,4.700502058898568
-0.7255370621824727,0.5773964259546123,0.1386750490563073,0.5547001962252291,2.941303404184266
-0.5476144241651123,-0.6792469493507096,0.1386750490563073,0.6933752452815365,-1.3962192586352717
1.4002989724825747,0.10168140729645003,0.1386750490563073,0.8320502943378437,7.717913116025515
0.9907601936358161,1.1616846482355778,0.1386750490563073,0.9707253433941511,12.282982469213145
0.06627041367368225,0.9713621695039736,0.1386750490563073,1.1094003924504583,8.883156699728755
1.3817044877253135,-1.3272242908358423,0.1386750490563073,1.2480754415067656,4.157434631924913
-0.8199992167725334,0.7649266269985291,0.1386750490563073,1.386750490563073,0.3088515376925387
0.7488204555400451,-0.10213014962694666,0.1386750490563073,1.52542553961938,8.71196313340424
0.012984103089889398,0.017105068177975413,0.1386750490563073,1.6641005886756874,4.9851099596022665
-0.07772972087338426,1.3529911115109776,0.2773500981126146,-1.6641005886756874,5.56521184850895
-0.5566940630248848,-0.9759745916062281,0.2773500981126146,-1.52542553961938,1.719452746144559
0.22150472257976528,-0.4835486264374047,0.2773500981126146,-1.386750490563073,1.9520862273735542
1.3135971407402005,1.1035331169895861,0.2773500981126146,-1.2480754415067656,9.335011347091145
1.2583133148583086,-0.7133297518518845,0.2773500981126146,-1.1094003924504583,3.382330616534331
-0.5029240197790483,1.4643596850073828,0.2773500981126146,-0.9707253433941511,5.182562074643805
0.6427578041623341,-1.0790835012697837,0.2773500981126146,-0.8320502943378437,1.8458852715160612
-0.5831216926480642,-0.13070236081317255,0.2773500981126146,-0.6933752452815365,0.5680441993011038
-0.48387102067624177,-1.1092244431624898,0.2773500981126146,-0.5547001962252291,-3.811779131576932
0.5500834210330909,-0.5208572359448246,0.2773500981126146,-0.41602514716892186,2.820135963192512
1.3757119253871548,-0.5603847518362289,0.2773500981126146,-0.2773500981126146,1.2441355083242853
-1.173102289607523,0.7540212286647239,0.2773500981126146,-0.1386750490563073,2.4539348565540857
1.3351297866120486,0.7849638907882532,0.2773500981126146,0.0,10.005758230199309
-0.35662474409361034,-0.4192044265767385,0.2773500981126146,0.1386750490563073,-1.2262705049987397
-1.3038058787341376,0.35733106854447083,0.2773500981126146,0.2773500981126146,0.09534522551343194
0.804196477682642,0.5696985712798774,0.2773500981126146,0.41602514716892186,7.412689978537264
-0.12810568666814892,-0.5932900107773689,0.2773500981126146,0.5547001962252291,-2.8899390947344576
1.237985063783671,0.21833072200243553,0.2773500981126146,0.6933752452815365,6.411197455527464
-0.9181282421990099,0.5160506705885144,0.2773500981126146,0.8320502943378437,1.7896991758919683
1.3014202940188606,-0.936314199817906,0.2773500981126146,0.9707253433941511,3.5278457024031424
-0.610392997022743,-1.1530062758272728,0.2773500981126146,1.1094003924504583,-4.716057127681306
-1.0439388187369576,-0.625699068208556,0.2773500981126146,1.2480754415067656,-2.2599959319851535
-0.4663538228382469,-1.3189623324251092,0.2773500981126146,1.386750490563073,-2.26895779810948
-0.6858076649845775,-0.44782941241568475,0.2773500981126146,1.52542553961938,-0.7750624645435652
0.6555286388703285,-0.6321544120411624,0.2773500981126146,1.6641005886756874,6.45064890173163
0.0695902706668714,-0.1632493339437182,0.41602514716892186,-1.6641005886756874,1.0668496832984085
0.42753253137703107,-0.23840544103861294,0.41602514716892186,-1.52542553961938,3.71410673263358
-0.9700635358532177,-0.8130564711355841,0.41602514716892186,-1.386750490563073,0.4166616048077185
-0.1676645040343847,0.8728264770121981,0.41602514716892186,-1.2480754415067656,4.47583196066412
0.3536285211395893,0.7600878438722032,0.41602514716892186,-1.1094003924504583,5.472179588255913
-1.4579351230761561,-0.9933376989551358,0.41602514716892186,-0.9707253433941511,-2.3139016680253013
-1.3908853134564887,0.5506105350744845,0.41602514716892186,-0.8320502943378437,0.48092367067277153
-0.33668328942595815,-0.055856253501802566,0.41602514716892186,-0.6933752452815365,2.441392580181861
-0.6675757463297053,0.22219638583438472,0.41602514716892186,-0.5547001962252291,1.0939497063668604
1.489509394152007,-0.36204760832401517,0.41602514716892186,-0.41602514716892186,5.683272399175945
0.510766913385877,-0.056055388042197674,0.41602514716892186,-0.2773500981126146,3.951330357089401
-0.9116873777619224,-1.1111927766921852,0.41602514716892186,-0.1386750490563073,-5.044464288813682
0.851371031532707,-0.5088710023333181,0.41602514716892186,0.0,5.394219027530891
0.9541811831961367,-0.20629699240226107,0.41602514716892186,0.1386750490563073,5.682062341732275
0.19754819819309866,-1.164587769534051,0.41602514716892186,0.2773500981126146,-0.42347465645543103
-1.2899493175926984,-1.353809185684657,0.41602514716892186,0.41602514716892186,-7.751579094133631
1.325288493202144,-0.1611794763175345,0.41602514716892186,0.5547001962252291,5.980894028332353
0.30054697172267764,0.945718573821738,0.41602514716892186,0.6933752452815365,7.262624701420721
0.782670402349626,-1.04376242283239,0.41602514716892186,0.8320502943378437,0.10502512623116766
-1.1925631914889887,-0.6373445770377382,0.41602514716892186,0.9707253433941511,-4.475010130515809
0.7960892839805447,0.9945703749602983,0.41602514716892186,1.1094003924504583,7.621290153799172
0.7724808600889581,1.1385007860008955,0.41602514716892186,1.2480754415067656,9.502258075055558
0.3489785395909004,0.05275057950961726,0.41602514716892186,1.386750490563073,4.874224188585256
-0.03724001804802324,-1.2933388532232701,0.41602514716892186,1.52542553961938,0.5313616048591591
1.0547043015495996,-0.5156964239437261,0.41602514716892186,1.6641005886756874,6.1738621325620615
0.3790639007133372,-0.29154250347378197,0.5547001962252291,-1.6641005886756874,2.1627747183690644
-0.5536881321472331,0.09355039648298957,0.5547001962252291,-1.52542553961938,1.037745014318416
0.891926776754723,0.3251617334877275,0.5547001962252291,-1.386750490563073,6.141897279863358
0.311839424948263,-0.1277439900001469,0.5547001962252291,-1.2480754415067656,3.4755984618778153
0.8200175637437019,-1.2841551660493777,0.5547001962252291,-1.1094003924504583,1.5286453911240532
-1.242021397153779,-0.33620326901560604,0.5547001962252291,-0.9707253433941511,-5.4126367472225985
0.7276317111700612,0.08261481914394819,0.5547001962252291,-0.8320502943378437,5.710906728053318
1.1502817902532643,0.2826673349653417,0.5547001962252291,-0.6933752452815365,9.127202805229972
0.14016064984063537,0.18762817370619667,0.5547001962252291,-0.5547001962252291,3.6901120535657004
-1.0615874944182868,-0.8799014043357034,0.5547001962252291,-0.41602514716892186,-2.3410697820836686
-1.3273672258221318,-1.3438640023030426,0.5547001962252291,-0.2773500981126146,-6.716278302554647
0.017932306529059083,-0.5856581865940751,0.5547001962252291,-0.1386750490563073,1.42628625653575
1.1626105147214876,0.2452934719125226,0.5547001962252291,0.0,9.292820028490082
0.7203262437638878,-1.2731670102471426,0.5547001962252291,0.1386750490563073,0.5312039727749891
-0.49431193798703843,-1.1741556914741884,0.5547001962252291,0.2773500981126146,-4.692675629855128
-1.1756145840511656,-0.3547157980049489,0.5547001962252291,0.41602514716892186,-4.0782672885378135
1.4351464497725956,-0.8354198900143488,0.5547001962252291,0.5547001962252291,5.685844120651485
-0.37909005144236585,1.2877303834507017,0.5547001962252291,0.6933752452815365,8.544813944817852
0.6431507340771034,1.2672137147329647,0.5547001962252291,0.8320502943378437,10.348026854284736
-1.491349778558325,0.42164009514152934,0.5547001962252291,0.9707253433941511,-1.622988012356001
1.3452801291861611,0.9696074069918952,0.5547001962252291,1.1094003924504583,13.265493982412194
-0.8944335507257763,-0.4554834732468358,0.5547001962252291,1.2480754415067656,-3.4238302246300147
-0.3835254182809784,0.5719415137542967,0.5547001962252291,1.386750490563073,2.1939035362536377
-1.393217298005169,-0.08805665176326238,0.5547001962252291,1.52542553961938,-2.1013763697247234
0.7351028970151114,-0.5667314421328695,0.5547001962252291,1.6641005886756874,3.7939730915017202
-1.4995878923073938,-0.6660959089951604,0.6933752452815365,-1.6641005886756874,-1.66147579554433
0.775303293810325,0.49521273560702306,0.6933752452815365,-1.52542553961938,5.650032451078194
0.7566924212672492,-1.482772942859324,0.6933752452815365,-1.386750490563073,2.4575242543595666
1.376408098700879,-1.2411972001206806,0.6933752452815365,-1.2480754415067656,5.237778093295905
-0.3049119993392633,-0.3732854988946914,0.6933752452815365,-1.1094003924504583,2.5171426808066055
1.4996945065262484,0.688917413858877,0.6933752452815365,-0.9707253433941511,8.708732462356448
0.5235783084896544,1.15289839892423,0.6933752452815365,-0.8320502943378437,5.526264241818895
-0.5297026839292664,-1.3779615547321815,0.6933752452815365,-0.6933752452815365,-3.663477636182346
0.7631635701745445,0.04970433606916469,0.6933752452815365,-0.5547001962252291,5.620813681182193
-0.6901077896765004,1.4515839146343392,0.6933752452815365,-0.41602514716892186,7.635160298173816
-1.4085775611457974,1.277018026661997,0.6933752452815365,-0.2773500981126146,4.589477011036312
-0.04603092337268855,-0.8463069960424441,0.6933752452815365,-0.1386750490563073,0.4266460234502978
1.3198592803621372,-0.84320819719728,0.6933752452815365,0.0,1.9350860330820234
-0.18955312135993596,-0.8775910918889881,0.6933752452815365,0.1386750490563073,-1.3984177586946258
-0.8140782699673803,-0.33476795101032275,0.6933752452815365,0.2773500981126146,-1.2733723853500734
-0.31168615797969323,0.12487338673348836,0.6933752452815365,0.41602514716892186,2.5530644129640137
-1.416081709424254,-1.1692256818991287,0.6933752452815365,0.5547001962252291,-7.138653447079264
-0.21524797035768684,-0.1861104136087175,0.6933752452815365,0.6933752452815365,2.1036766529802415
-1.1323099373794148,1.0278385183029113,0.6933752452815365,0.8320502943378437,4.205148053496289
1.304568755579064,-0.8050715582118639,0.6933752452815365,0.9707253433941511,4.0557863768666715
-0.5961319194608764,1.3430350793979122,0.6933752452815365,1.1094003924504583,6.722979910637948
-1.025572038899901,1.178319416661151,0.6933752452815365,1.2480754415067656,-0.08618322752464214
-0.783841212919485,1.1340479817566989,0.6933752452815365,1.386750490563073,2.7967569241850696
0.5172072735555444,0.7743828028130633,0.6933752452815365,1.52542553961938,6.350366494599878
1.473236330976746,0.9665066351477543,0.6933752452815365,1.6641005886756874,10.918499229629159
0.109171701056616,-0.7437893267391915,0.8320502943378437,-1.6641005886756874,3.305488736766576
-1.2784533371913036,0.3061642375719069,0.8320502943378437,-1.52542553961938,2.878453274785768
-0.7575071123240575,0.37506395060358,0.8320502943378437,-1.386750490563073,3.0539826617611925
0.08759191240058195,0.07812316863127222,0.8320502943378437,-1.2480754415067656,3.7332842567233495
-0.13328326646082056,-0.1569010056788951,0.8320502943378437,-1.1094003924504583,0.7760105409749622
0.5761870187087048,0.03853313188647012,0.8320502943378437,-0.9707253433941511,5.424014780287892
-0.03268680277934677,0.8158767296599567,0.8320502943378437,-0.8320502943378437,4.798129922094682
-0.9923896228920647,0.5468669207749839,0.8320502943378437,-0.6933752452815365,0.820770023812603
-0.6074533785648513,0.8750640526535687,0.8320502943378437,-0.5547001962252291,4.64380277411387
0.10754433035654287,-1.3012751690315525,0.8320502943378437,-0.41602514716892186,-0.3622085912837334
-0.7390489246732023,0.12272270740203295,0.8320502943378437,-0.2773500981126146,1.149377025165508
1.3857718403424846,1.1500865000630154,0.8320502943378437,-0.1386750490563073,12.371589131422601
0.42866560644985574,0.174523408836333,0.8320502943378437,0.0,4.435861156816906
-1.0556773799605756,1.3265911793390464,0.8320502943378437,0.1386750490563073,4.280507047968305
0.7732798041210254,-0.744382472243169,0.8320502943378437,0.2773500981126146,3.6740427436633283
-0.6164665660847833,0.5826388062848773,0.8320502943378437,0.41602514716892186,3.1359743841287893
-1.3660746894036202,0.7381848769254198,0.8320502943378437,0.5547001962252291,0.15082514895154064
-1.381670925654713,0.08977705471421404,0.8320502943378437,0.6933752452815365,-2.398457862296082
0.25984880644555863,0.21112288432688153,0.8320502943378437,0.8320502943378437,4.83832072082438
-1.1227525575338373,1.2037724744937188,0.8320502943378437,0.9707253433941511,3.543140086795345
1.0355270166099957,-0.6282044121857179,0.8320502943378437,1.1094003924504583,6.41048525166184
0.8181726286649229,0.9412897947115453,0.8320502943378437,1.2480754415067656,8.649373240165067
0.16845959666169685,-0.3008942591384276,0.8320502943378437,1.386750490563073,4.014558767720457
1.230414612125168,-0.5444878538615433,0.8320502943378437,1.52542553961938,8.279230524411172
0.7211867176855411,-0.07269313582961479,0.8320502943378437,1.6641005886756874,4.299906924391635
-0.9518648288337507,0.3516454345555018,0.9707253433941511,-1.6641005886756874,-0.2231029301391998
-0.0016429214146775895,1.2341308983098775,0.9707253433941511,-1.52542553961938,4.947692417762278
0.9551348422246826,0.10406436230568872,0.9707253433941511,-1.386750490563073,5.098656934289132
0.6247265214595394,0.6790424588521597,0.9707253433941511,-1.2480754415067656,6.223797554654687
1.4832773698545463,0.11334383365600731,0.9707253433941511,-1.1094003924504583,9.682881547163966
-0.9856945469311056,-1.3308565724364774,0.9707253433941511,-0.9707253433941511,-3.8372606145004253
-0.543352716943811,0.01957613096550226,0.9707253433941511,-0.8320502943378437,1.9100368526490072
1.081611073982903,-1.4371572050685955,0.9707253433941511,-0.6933752452815365,0.9149036061672442
0.2967351544971524,-0.9762741613994682,0.9707253433941511,-0.5547001962252291,1.3085178117756278
0.05199139323705659,-0.2758599744758732,0.9707253433941511,-0.41602514716892186,0.9280322400536238
1.2884681942780678,-0.02218049224645391,0.9707253433941511,-0.2773500981126146,7.76127893036002
0.8796322139029344,-1.0097030411239052,0.9707253433941511,-0.1386750490563073,3.293434793381016
1.1444116253893162,-0.8875137243558879,0.9707253433941511,0.0,2.218152156544881
1.4934635666635252,-0.19180673590526354,0.9707253433941511,0.1386750490563073,8.155407990536567
-1.216017397195642,-0.7632208568246139,0.9707253433941511,0.2773500981126146,-4.899521625461275
0.49085188583731987,-1.2544487458673823,0.9707253433941511,0.41602514716892186,0.8718446372556563
-0.9828516659602341,0.2632039458806408,0.9707253433941511,0.5547001962252291,-0.9178090146615339
-1.4702692027547426,0.7100535309176008,0.9707253433941511,0.6933752452815365,-4.316714900623612
-0.8110011891812964,-0.11275197292685624,0.9707253433941511,0.8320502943378437,1.0790662615337525
0.5027537050954782,-0.5731593601797824,0.9707253433941511,0.9707253433941511,4.363170788262817
0.07120359338660442,-0.7505245867240999,0.9707253433941511,1.1094003924504583,0.9344684162253688
-1.4777549729427046,1.493193745755688,0.9707253433941511,1.2480754415067656,0.46728936408332866
0.20653882025892534,0.6696594741782755,0.9707253433941511,1.386750490563073,4.344477875608806
-1.3417827978787353,-0.4758426349685423,0.9707253433941511,1.52542553961938,-5.417280706710794
0.22698225408214023,0.2970541337034611,0.9707253433941511,1.6641005886756874,5.735715612087617
-0.8757434474450728,-0.7251417260432443,1.1094003924504583,-1.6641005886756874,0.38641690630222975
-0.19127373264748693,-1.070358167275216,1.1094003924504583,-1.52542553961938,-0.8012766387751387
1.3994364003490345,-0.7225908821680143,1.1094003924504583,-1.386750490563073,5.663338312152849
-1.3956144362100955,0.9421145744599597,1.1094003924504583,-1.2480754415067656,-0.7197138543762542
-0.19756597299513023,-0.36437413947685093,1.1094003924504583,-1.1094003924504583,2.5403199846657563
-0.01985031078684152,0.32354487929466513,1.1094003924504583,-0.9707253433941511,4.649326752247398
-1.175377320647551,0.6749371126629593,1.1094003924504583,-0.8320502943378437,1.7378229721351013
0.989906739140483,-0.12537852481784828,1.1094003924504583,-0.6933752452815365,4.696893093325555
-0.9689516198859889,-0.49048559305739303,1.1094003924504583,-0.5547001962252291,-5.208708974030105
0.9510954105024587,1.435121226947063,1.1094003924504583,-0.41602514716892186,9.179594709618266
1.3421061049315473,0.11375443236267024,1.1094003924504583,-0.2773500981126146,8.761564038076052
1.2684786742162104,-0.2478295992418882,1.1094003924504583,-0.1386750490563073,5.566062527442838
0.6617352024952003,0.19991215389835637,1.1094003924504583,0.0,4.470308630442795
-1.3953759180511258,0.23598412548285141,1.1094003924504583,0.1386750490563073,-0.9004340710729802
-0.06399936320558708,0.7620794779994071,1.1094003924504583,0.2773500981126146,5.043152559907164
-0.546916479822958,-0.4393869234630303,1.1094003924504583,0.41602514716892186,0.23343601401474479
-0.9442045903713929,-0.9339686203530931,1.1094003924504583,0.5547001962252291,-2.7995913801519716
-0.5662094339309584,0.9292517723858547,1.1094003924504583,0.6933752452815365,3.6880261953412785
0.3714842380503107,-0.8390162099216921,1.1094003924504583,0.8320502943378437,1.5963075098043449
1.4745373962683779,0.20883430512766799,1.1094003924504583,0.9707253433941511,9.014524125547899
-0.6242895907286133,0.7400878144117069,1.1094003924504583,1.1094003924504583,1.8823440432218586
0.15759979339749064,-1.370751249634015,1.1094003924504583,1.2480754415067656,1.9769718528387075
-1.3551863292492436,0.8024871919639729,1.1094003924504583,1.386750490563073,-1.653353294537044
-0.3387174694552759,-0.368545999385993,1.1094003924504583,1.52542553961938,0.7245715327933385
-1.4816865858262966,1.4158558841005613,1.1094003924504583,1.6641005886756874,-1.5166208706712005
0.27002787739901324,-1.226950687993366,1.2480754415067656,-1.6641005886756874,2.403451350918642
-0.21598018227661986,0.45299107513406445,1.2480754415067656,-1.52542553961938,3.492985935591077
-0.4101141657259184,0.9684984755164936,1.2480754415067656,-1.386750490563073,1.872144146422598
-0.8279677668504233,-0.3905000654920996,1.2480754415067656,-1.2480754415067656,-0.8460165268047697
0.25461310345771015,1.4354737818609982,1.2480754415067656,-1.1094003924504583,7.104042272737448
0.03130859673695552,0.8772389904079674,1.2480754415067656,-0.9707253433941511,4.899222563049125
0.6605523004111897,0.727902173492947,1.2480754415067656,-0.8320502943378437,6.6216456408904065
-0.2854056003830916,1.3164264438309319,1.2480754415067656,-0.6933752452815365,4.21509532501019
0.6922348038508819,-0.42086168388558987,1.2480754415067656,-0.5547001962252291,5.136475943294912
1.1448127291617123,-0.11488013441053457,1.2480754415067656,-0.41602514716892186,7.466941488824821
-1.2907907642990823,1.3545400683919828,1.2480754415067656,-0.2773500981126146,1.3253999757315946
-0.6864627873230628,-1.3398071447235695,1.2480754415067656,-0.1386750490563073,-1.9133550219045792
-0.6300257998606278,0.6330892167194886,1.2480754415067656,0.0,2.795234289575512
1.3446054631677948,0.48388648311735016,1.2480754415067656,0.1386750490563073,8.220688623407096
0.9363806706422788,0.31171413149316396,1.2480754415067656,0.2773500981126146,8.304048434575664
-1.327395109668565,-0.4330577980943757,1.2480754415067656,0.41602514716892186,-2.6270564234302753
-0.5523764672509787,0.6556476875261086,1.2480754415067656,0.5547001962252291,2.3332211474103794
-1.319558629680528,1.0143873339926044,1.2480754415067656,0.6933752452815365,-0.5394377630922165
-1.1341352930856625,-0.007362820426873196,1.2480754415067656,0.8320502943378437,-0.32520329059876585
1.2594926831658277,-1.2739263452508287,1.2480754415067656,0.9707253433941511,4.295316072764464
1.2994942219222754,0.4043584899841768,1.2480754415067656,1.1094003924504583,9.140304706580853
0.6273612829065014,0.6441024111833991,1.2480754415067656,1.2480754415067656,8.99668420743974
1.154147533702457,1.1438275038376235,1.2480754415067656,1.386750490563073,11.594222976015852
0.5702161577408709,-1.3279550202770412,1.2480754415067656,1.52542553961938,5.459565794419973
-0.6074894891681895,-0.8300074956135367,1.2480754415067656,1.6641005886756874,0.3667059844932653
-1.2897730914742263,-1.0195152198172046,1.386750490563073,-1.6641005886756874,-2.910348715234392
-0.6249522702134134,1.042869581067261,1.386750490563073,-1.52542553961938,2.1369741111621487
0.4269745281962378,-0.9576328385048748,1.386750490563073,-1.386750490563073,1.960420195044987
-0.062004361675104036,1.2293119170215325,1.386750490563073,-1.2480754415067656,3.376150119690699
0.17056549628126128,-0.12201940002917566,1.386750490563073,-1.1094003924504583,2.0192375343404834
0.9266886612231735,-1.087258112693165,1.386750490563073,-0.9707253433941511,3.1852547021845075
-1.358990591315718,-1.1217246182852267,1.386750490563073,-0.8320502943378437,-2.9178866185330374
0.9586703832077812,-1.1439217281706595,1.386750490563073,-0.6933752452815365,3.9049314185046313
-0.5093609157227572,0.7653551298100445,1.386750490563073,-0.5547001962252291,4.827443902835805
0.4441721823831033,-1.2792218567774292,1.386750490563073,-0.41602514716892186,0.4759922642357364
-0.200457358481823,0.2461526741098521,1.386750490563073,-0.2773500981126146,2.522446569662033
0.6316319006783884,-0.9192035066503298,1.386750490563073,-0.1386750490563073,3.5511901559287207
-0.16986997826448502,-1.2883096364182878,1.386750490563073,0.0,0.7049774873222197
0.08845598861236259,-1.4385514639918322,1.386750490563073,0.1386750490563073,-1.7889571830150868
-0.09139758454960134,0.4662082819076918,1.386750490563073,0.2773500981126146,3.588944976045206
-1.2752553426340782,-0.78456268183839,1.386750490563073,0.41602514716892186,-2.173971718824813
0.24606190852169485,1.1001500440365106,1.386750490563073,0.5547001962252291,6.815445100748704
1.3253195156937227,0.028315244814289375,1.386750490563073,0.6933752452815365,9.258185656135485
0.6253397471571498,0.768638565550873,1.386750490563073,0.8320502943378437,7.808211899184027
-0.8536674178196109,-1.23264653971067,1.386750490563073,0.9707253433941511,-4.390019990152036
1.249534375874247,-0.0681337130582742,1.386750490563073,1.1094003924504583,7.327753954272531
1.3113827970920595,-0.7139673605755318,1.386750490563073,1.2480754415067656,4.892931516599683
0.2558814071274975,-0.5045228857916991,1.386750490563073,1.386750490563073,3.4242206289526322
0.7305269652704784,0.6703591116854897,1.386750490563073,1.52542553961938,6.353922707689962
-0.3707236011463153,-0.4840391294652222,1.386750490563073,1.6641005886756874,0.8130370563143093
-1.43046496889328,-0.6071032072759489,1.52542553961938,-1.6641005886756874,-1.5475621284768322
1.357678199762196,0.4942351906301088,1.52542553961938,-1.52542553961938,6.492506332024844
0.9099971161640767,1.4496864968785483,1.52542553961938,-1.386750490563073,8.033797256755511
-0.6009439183492621,-1.496990032254561,1.52542553961938,-1.2480754415067656,-2.0058706068903325
1.2487678686440766,0.5635780445808276,1.52542553961938,-1.1094003924504583,8.284049982835377
-1.1923625633681763,-0.9921351771883402,1.52542553961938,-0.9707253433941511,-3.7005737195040247
-1.2350820237615974,1.3019257466541663,1.52542553961938,-0.8320502943378437,-0.13553588152729057
-0.8988583319201674,-1.276856737060175,1.52542553961938,-0.6933752452815365,-2.534699846386058
-1.1756419317958153,-1.4472549560975727,1.52542553961938,-0.5547001962252291,-2.914741719052574
1.1036634687343838,-1.3574686213272162,1.52542553961938,-0.41602514716892186,5.2945476512681395
0.8218667537173276,-0.0418957663086541,1.52542553961938,-0.2773500981126146,5.500627927912378
0.3152429567097006,-0.2484128231296454,1.52542553961938,-0.1386750490563073,3.7112255861903947
-1.412503617807835,0.19547857867149077,1.52542553961938,0.0,-1.7886065651403866
1.4283501989491763,-0.16577202336122676,1.52542553961938,0.1386750490563073,6.743892804590988
-1.2278415896603208,0.3542599150846417,1.52542553961938,0.2773500981126146,-2.6794020962183582
0.10745260892482533,0.3914407058837426,1.52542553961938,0.41602514716892186,3.4615562482966853
-0.14755379895819232,1.178874537983602,1.52542553961938,0.5547001962252291,0.9189391103384339
-1.3465407043086672,-1.259530922797444,1.52542553961938,0.6933752452815365,-4.489091415632275
-0.8727443741392732,0.5594153994250304,1.52542553961938,0.8320502943378437,-0.4125689413240331
-1.04406046261307,-0.8215134965908134,1.52542553961938,0.9707253433941511,-2.9118361292822463
-1.2003363337461037,0.03448265483336277,1.52542553961938,1.1094003924504583,-3.1919058320701517
1.3418262087885724,1.0496007996387036,1.52542553961938,1.2480754415067656,9.420984071043083
0.9044496387593712,-0.40176519440296277,1.52542553961938,1.386750490563073,4.675901820176893
-1.0922269368733537,1.409443809208772,1.52542553961938,1.52542553961938,1.117987695940037
0.7684809027832049,-0.5246099580515122,1.52542553961938,1.6641005886756874,5.40434837555776
1.1262844129313532,0.16910076683373898,1.6641005886756874,-1.6641005886756874,6.394899668998559
-0.20751938029590922,0.6748136151833402,1.6641005886756874,-1.52542553961938,4.5742144898012125
0.9601105517809665,0.2950023864570017,1.6641005886756874,-1.386750490563073,6.977170496586033
0.6033918684744735,-1.1714205361195138,1.6641005886756874,-1.2480754415067656,2.8777056853035123
1.0681935512137484,-0.03032141238025643,1.6641005886756874,-1.1094003924504583,9.61542724625043
0.3579400403012283,-0.8232297339814699,1.6641005886756874,-0.9707253433941511,3.5725378287012464
0.6726876908416219,-0.5836492624329179,1.6641005886756874,-0.8320502943378437,3.394742229973565
0.7158632308655468,-0.31569070472952254,1.6641005886756874,-0.6933752452815365,5.817301954208007
1.1582437301443975,-0.7472523696471781,1.6641005886756874,-0.5547001962252291,3.23689678802959
0.0062445974225453504,0.4085064050502851,1.6641005886756874,-0.41602514716892186,2.4425012856446044
-0.03557806888269566,-0.5486836755292943,1.6641005886756874,-0.2773500981126146,1.8077873393958699
1.4549708189903852,0.8669760557648738,1.6641005886756874,-0.1386750490563073,9.2586575153155
1.4863275848613982,-0.705147015785606,1.6641005886756874,0.0,8.045655378127782
-0.37005638350150827,0.6759232598567131,1.6641005886756874,0.1386750490563073,0.5966211600148335
-0.8321779567029066,-0.12772006528679936,1.6641005886756874,0.2773500981126146,-2.157452240554518
0.5127665836840705,-0.899224953904838,1.6641005886756874,0.41602514716892186,4.916147155312556
0.18930871329804866,1.4439650788873601,1.6641005886756874,0.5547001962252291,5.3252382134243685
-0.8039442424994511,0.19385333988203435,1.6641005886756874,0.6933752452815365,-0.399185669880027
0.3336998938095561,1.2684545180789977,1.6641005886756874,0.8320502943378437,6.375394691264213
0.23522550423675437,1.2132282052928511,1.6641005886756874,0.9707253433941511,6.801235966226126
1.4890265466237698,0.4434013834674091,1.6641005886756874,1.1094003924504583,11.752937728553292
1.466918334090897,0.7161133970447242,1.6641005886756874,1.2480754415067656,9.857486692784889
-0.8368634693296327,1.1818880620023315,1.6641005886756874,1.386750490563073,0.48178524620618035
1.0425934111155817,-0.11130029345805093,1.6641005886756874,1.52542553961938,9.449222696777063
-1.3182463166511225,-0.2065954301981623,1.6641005886756874,1.6641005886756874,-4.951000262181155
